event_id,subscription_id,customer_id,cancellation_request_date_utc,cancellation_request_date_cet,contract_end_date,last_active_date,churn_type,is_migration_duplicate,source_system
EVT-00001,SUB-00022,CUST-0022,2025-04-13T09:39:00+00:00,2025-04-13T01:44:00+02:00,2025-05-02,2025-04-25,voluntary,False,CRM
EVT-00002,SUB-00024,CUST-0024,2025-09-19T23:32:00+00:00,2025-09-19T03:11:00+02:00,2025-10-19,2025-10-09,voluntary,False,CRM
EVT-00003,SUB-00049,CUST-0047,2025-07-04T00:11:00+00:00,2025-07-04T14:37:00+02:00,2025-07-30,2025-07-24,voluntary,False,CRM
EVT-00004,SUB-00064,CUST-0061,2026-02-08T22:41:00+00:00,2026-02-08T22:50:00+01:00,2026-03-10,2026-03-09,voluntary,False,CRM
EVT-00005,SUB-00066,CUST-0063,2025-02-23T14:40:00+00:00,2025-02-23T11:05:00+01:00,2025-03-03,2025-03-02,voluntary,False,billing
EVT-00006,SUB-00069,CUST-0065,2026-02-19T12:35:00+00:00,2026-02-19T12:02:00+01:00,2026-03-24,2026-03-15,involuntary_collections,False,CRM
EVT-00007,SUB-00073,CUST-0069,2025-04-05T04:10:00+00:00,2025-04-05T04:11:00+02:00,2025-04-27,2025-04-18,involuntary_collections,False,CRM
EVT-00008,SUB-00079,CUST-0075,2025-05-13T14:18:00+00:00,2025-05-13T20:11:00+02:00,2025-06-09,2025-06-05,voluntary,False,CRM
EVT-00009,SUB-00082,CUST-0078,2025-04-27T08:00:00+00:00,2025-04-27T14:31:00+02:00,2025-05-06,2025-05-03,voluntary,False,billing
EVT-00010,SUB-00099,CUST-0095,2025-02-06T15:15:00+00:00,2025-02-06T06:37:00+01:00,,2025-03-13,voluntary,False,billing
EVT-00011,SUB-00125,CUST-0119,2025-07-13T19:38:00+00:00,2025-07-13T00:15:00+02:00,2025-08-12,2025-08-06,voluntary,False,billing
EVT-00012,SUB-00127,CUST-0121,2025-06-03T06:03:00+00:00,2025-06-03T05:09:00+02:00,2025-07-13,2025-07-03,voluntary,False,CRM
EVT-00013,SUB-00136,CUST-0130,2025-09-11T01:42:00+00:00,2025-09-11T18:53:00+02:00,2025-10-23,2025-10-18,voluntary,False,billing
EVT-00014,SUB-00137,CUST-0131,2024-12-27T13:11:00+00:00,2024-12-27T05:43:00+01:00,2025-01-18,2025-01-17,voluntary,False,billing
EVT-00015,SUB-00151,CUST-0143,2025-06-21T19:36:00+00:00,2025-06-21T17:11:00+02:00,2025-07-31,2025-07-21,voluntary,False,billing
EVT-00016,SUB-00152,CUST-0144,2025-06-26T02:49:00+00:00,2025-06-26T09:20:00+02:00,2025-08-03,2025-07-29,involuntary_collections,False,billing
EVT-00017,SUB-00154,CUST-0146,2025-11-18T17:04:00+00:00,2025-11-18T09:30:00+01:00,2025-12-13,2025-12-12,involuntary_ma,False,CRM
EVT-00018,SUB-00160,CUST-0151,2025-11-08T13:33:00+00:00,2025-11-08T06:44:00+01:00,2025-11-16,2025-11-12,voluntary,False,CRM
EVT-00019,SUB-00162,CUST-0153,2025-12-29T23:40:00+00:00,2025-12-29T16:05:00+01:00,2026-02-07,2026-02-07,voluntary,False,billing
EVT-00020,SUB-00168,CUST-0159,2025-04-30T22:18:00+00:00,2025-04-30T13:38:00+02:00,2025-06-14,2025-06-05,involuntary_collections,False,billing
EVT-00021,SUB-00181,CUST-0170,2025-05-20T19:22:00+00:00,2025-05-20T04:39:00+02:00,2025-06-06,2025-05-29,voluntary,False,billing
EVT-00022,SUB-00187,CUST-0176,2024-12-27T05:56:00+00:00,2024-12-27T19:14:00+01:00,2025-01-30,2025-01-20,voluntary,False,billing
EVT-00023,SUB-00204,CUST-0193,2025-09-16T14:40:00+00:00,2025-09-16T03:47:00+02:00,2025-09-29,2025-09-29,voluntary,False,CRM
EVT-00024,SUB-00222,CUST-0210,2024-12-30T10:22:00+00:00,2024-12-30T17:51:00+01:00,2025-02-08,2025-02-02,voluntary,False,CRM
EVT-00025,SUB-00230,CUST-0218,2026-03-08T09:16:00+00:00,2026-03-08T02:19:00+01:00,2026-03-09,2026-02-27,voluntary,False,billing
EVT-00026,SUB-00231,CUST-0219,2025-11-11T00:07:00+00:00,2025-11-11T21:21:00+01:00,2025-12-14,2025-12-06,voluntary,False,billing
EVT-00027,SUB-00253,CUST-0239,2024-12-29T00:53:00+00:00,2024-12-29T05:12:00+01:00,2025-01-24,2025-01-15,voluntary,False,billing
EVT-00028,SUB-00260,CUST-0245,2025-02-18T15:51:00+00:00,2025-02-18T01:41:00+01:00,2025-03-12,2025-03-02,voluntary,False,CRM
EVT-00029,SUB-00270,CUST-0254,2026-02-16T17:57:00+00:00,2026-02-16T10:29:00+01:00,2026-03-19,2026-03-17,voluntary,False,billing
EVT-00030,SUB-00277,CUST-0259,2025-02-27T23:43:00+00:00,2025-02-27T10:35:00+01:00,2025-03-03,2025-02-23,voluntary,False,CRM
EVT-00031,SUB-00289,CUST-0270,2024-12-30T11:04:00+00:00,2024-12-30T04:17:00+01:00,2025-01-13,2025-01-04,voluntary,False,CRM
EVT-00032,SUB-00295,CUST-0275,2025-02-26T05:36:00+00:00,2025-02-26T19:24:00+01:00,2025-03-20,2025-03-14,voluntary,False,CRM
EVT-00033,SUB-00336,CUST-0313,2025-07-27T09:45:00+00:00,2025-07-27T10:45:00+02:00,2025-09-04,2025-09-03,involuntary_collections,False,CRM
EVT-00034,SUB-00351,CUST-0326,2025-06-27T07:23:00+00:00,2025-06-27T14:53:00+02:00,,2025-07-09,voluntary,False,billing
EVT-00035,SUB-00359,CUST-0334,2026-02-28T03:23:00+00:00,2026-02-28T01:49:00+01:00,2026-03-14,2026-03-06,voluntary,False,CRM
EVT-00036,SUB-00360,CUST-0335,2025-03-18T15:57:00+00:00,2025-03-18T16:09:00+01:00,2025-03-24,2025-03-17,voluntary,False,CRM
EVT-00037,SUB-00376,CUST-0349,2025-04-20T16:19:00+00:00,2025-04-20T10:09:00+02:00,2025-05-12,2025-05-05,involuntary_bankruptcy,False,CRM
EVT-00038,SUB-00380,CUST-0353,2025-06-27T06:46:00+00:00,2025-06-27T01:29:00+02:00,2025-07-31,2025-07-21,pause_expiry,False,billing
EVT-00039,SUB-00391,CUST-0364,2025-07-20T01:43:00+00:00,2025-07-20T19:55:00+02:00,2025-08-23,2025-08-22,voluntary,False,CRM
EVT-00040,SUB-00397,CUST-0370,2025-09-20T03:33:00+00:00,2025-09-20T21:47:00+02:00,2025-10-12,2025-10-05,involuntary_collections,False,billing
EVT-00041,SUB-00407,CUST-0380,2025-06-20T20:57:00+00:00,2025-06-20T06:20:00+02:00,2025-06-22,2025-06-13,involuntary_ma,False,CRM
EVT-00042,SUB-00410,CUST-0383,2025-09-11T10:49:00+00:00,2025-09-11T14:42:00+02:00,2025-09-24,2025-09-20,voluntary,False,CRM
EVT-00043,SUB-00416,CUST-0388,2025-07-28T03:00:00+00:00,2025-07-28T19:35:00+02:00,2025-08-15,2025-08-13,voluntary,False,CRM
EVT-00044,SUB-00428,CUST-0400,2025-07-17T10:17:00+00:00,2025-07-17T04:45:00+02:00,2025-07-31,2025-07-23,voluntary,False,billing
EVT-00045,SUB-00440,CUST-0411,2025-09-02T09:39:00+00:00,2025-09-02T10:34:00+02:00,2025-10-09,2025-10-06,voluntary,False,billing
EVT-00046,SUB-00444,CUST-0415,2025-08-28T21:03:00+00:00,2025-08-28T03:24:00+02:00,2025-09-01,2025-08-30,voluntary,False,CRM
EVT-00047,SUB-00448,CUST-0419,2025-01-05T22:38:00+00:00,2025-01-05T18:40:00+01:00,2025-01-11,2025-01-05,voluntary,False,billing
EVT-00048,SUB-00454,CUST-0425,2025-03-24T06:45:00+00:00,2025-03-24T21:51:00+01:00,2025-05-03,2025-04-28,voluntary,False,CRM
EVT-00049,SUB-00455,CUST-0426,2025-03-09T22:29:00+00:00,2025-03-09T03:29:00+01:00,2025-04-08,2025-03-30,voluntary,False,billing
EVT-00050,SUB-00469,CUST-0438,2025-08-26T14:30:00+00:00,2025-08-26T07:14:00+02:00,2025-10-09,2025-09-29,involuntary_bankruptcy,False,CRM
EVT-00051,SUB-00487,CUST-0455,2025-06-11T12:11:00+00:00,2025-06-11T22:58:00+02:00,2025-07-21,2025-07-17,involuntary_collections,False,billing
EVT-00052,SUB-00488,CUST-0456,2025-02-24T02:30:00+00:00,2025-02-24T03:22:00+01:00,2025-03-17,2025-03-10,voluntary,False,billing
EVT-00053,SUB-00492,CUST-0460,2025-05-16T11:38:00+00:00,2025-05-16T18:08:00+02:00,2025-06-15,2025-06-13,voluntary,False,CRM
EVT-00054,SUB-00500,CUST-0468,2025-09-12T20:04:00+00:00,2025-09-12T09:34:00+02:00,2025-10-08,2025-10-07,voluntary,False,billing
EVT-00055,SUB-00509,CUST-0476,2024-12-15T19:15:00+00:00,2024-12-15T17:10:00+01:00,2025-01-10,2025-01-01,voluntary,False,billing
EVT-00056,SUB-00513,CUST-0480,2025-08-30T22:37:00+00:00,2025-08-30T13:50:00+02:00,2025-09-24,2025-09-23,voluntary,False,billing
EVT-00057,SUB-00519,CUST-0486,2025-12-21T07:11:00+00:00,2025-12-21T21:42:00+01:00,2026-01-27,2026-01-22,voluntary,False,CRM
EVT-00058,SUB-00523,CUST-0490,2025-02-01T19:29:00+00:00,2025-02-01T10:35:00+01:00,2025-03-10,2025-03-03,voluntary,False,CRM
EVT-00059,SUB-00160,CUST-0151,2025-11-08T13:34:31+00:00,2025-11-08T06:44:00+01:00,2025-11-16,2025-11-12,voluntary,True,billing
EVT-00060,SUB-00160,CUST-0151,2025-11-08T13:36:28+00:00,2025-11-08T06:44:00+01:00,2025-11-16,2025-11-12,voluntary,True,billing
EVT-00061,SUB-00160,CUST-0151,2025-11-08T13:33:56+00:00,2025-11-08T06:44:00+01:00,2025-11-16,2025-11-12,voluntary,True,billing
EVT-00062,SUB-00160,CUST-0151,2025-11-08T13:35:48+00:00,2025-11-08T06:44:00+01:00,2025-11-16,2025-11-12,voluntary,True,billing
EVT-00063,SUB-00160,CUST-0151,2025-11-08T13:33:32+00:00,2025-11-08T06:44:00+01:00,2025-11-16,2025-11-12,voluntary,True,billing
EVT-00064,SUB-00160,CUST-0151,2025-11-08T13:34:52+00:00,2025-11-08T06:44:00+01:00,2025-11-16,2025-11-12,voluntary,True,billing
EVT-00065,SUB-00160,CUST-0151,2025-11-08T13:37:58+00:00,2025-11-08T06:44:00+01:00,2025-11-16,2025-11-12,voluntary,True,billing
EVT-00066,SUB-00160,CUST-0151,2025-11-08T13:34:16+00:00,2025-11-08T06:44:00+01:00,2025-11-16,2025-11-12,voluntary,True,billing
EVT-00067,SUB-00160,CUST-0151,2025-11-08T13:36:52+00:00,2025-11-08T06:44:00+01:00,2025-11-16,2025-11-12,voluntary,True,billing
EVT-00068,SUB-00160,CUST-0151,2025-11-08T13:36:20+00:00,2025-11-08T06:44:00+01:00,2025-11-16,2025-11-12,voluntary,True,billing
EVT-00069,SUB-00160,CUST-0151,2025-11-08T13:34:41+00:00,2025-11-08T06:44:00+01:00,2025-11-16,2025-11-12,voluntary,True,billing
EVT-00070,SUB-00160,CUST-0151,2025-11-08T13:35:43+00:00,2025-11-08T06:44:00+01:00,2025-11-16,2025-11-12,voluntary,True,billing
EVT-00071,SUB-00160,CUST-0151,2025-11-08T13:37:52+00:00,2025-11-08T06:44:00+01:00,2025-11-16,2025-11-12,voluntary,True,billing
EVT-00072,SUB-00160,CUST-0151,2025-11-08T13:36:43+00:00,2025-11-08T06:44:00+01:00,2025-11-16,2025-11-12,voluntary,True,billing
EVT-00073,SUB-00160,CUST-0151,2025-11-08T13:33:46+00:00,2025-11-08T06:44:00+01:00,2025-11-16,2025-11-12,voluntary,True,billing
EVT-00074,SUB-00160,CUST-0151,2025-11-08T13:37:22+00:00,2025-11-08T06:44:00+01:00,2025-11-16,2025-11-12,voluntary,True,billing
EVT-00075,SUB-00160,CUST-0151,2025-11-08T13:34:06+00:00,2025-11-08T06:44:00+01:00,2025-11-16,2025-11-12,voluntary,True,billing
EVT-00076,SUB-00160,CUST-0151,2025-11-08T13:33:32+00:00,2025-11-08T06:44:00+01:00,2025-11-16,2025-11-12,voluntary,True,billing
EVT-00077,SUB-00160,CUST-0151,2025-11-08T13:37:42+00:00,2025-11-08T06:44:00+01:00,2025-11-16,2025-11-12,voluntary,True,billing
EVT-00078,SUB-00160,CUST-0151,2025-11-08T13:33:01+00:00,2025-11-08T06:44:00+01:00,2025-11-16,2025-11-12,voluntary,True,billing
EVT-00079,SUB-00160,CUST-0151,2025-11-08T13:33:57+00:00,2025-11-08T06:44:00+01:00,2025-11-16,2025-11-12,voluntary,True,billing
EVT-00080,SUB-00160,CUST-0151,2025-11-08T13:33:16+00:00,2025-11-08T06:44:00+01:00,2025-11-16,2025-11-12,voluntary,True,billing
EVT-00081,SUB-00160,CUST-0151,2025-11-08T13:36:42+00:00,2025-11-08T06:44:00+01:00,2025-11-16,2025-11-12,voluntary,True,billing
EVT-00082,SUB-00160,CUST-0151,2025-11-08T13:35:43+00:00,2025-11-08T06:44:00+01:00,2025-11-16,2025-11-12,voluntary,True,billing
EVT-00083,SUB-00160,CUST-0151,2025-11-08T13:36:28+00:00,2025-11-08T06:44:00+01:00,2025-11-16,2025-11-12,voluntary,True,billing
EVT-00084,SUB-00160,CUST-0151,2025-11-08T13:36:43+00:00,2025-11-08T06:44:00+01:00,2025-11-16,2025-11-12,voluntary,True,billing
EVT-00085,SUB-00160,CUST-0151,2025-11-08T13:34:29+00:00,2025-11-08T06:44:00+01:00,,2025-11-12,voluntary,True,billing
EVT-00086,SUB-00160,CUST-0151,2025-11-08T13:34:12+00:00,2025-11-08T06:44:00+01:00,2025-11-16,2025-11-12,voluntary,True,billing
EVT-00087,SUB-00160,CUST-0151,2025-11-08T13:37:45+00:00,2025-11-08T06:44:00+01:00,2025-11-16,2025-11-12,voluntary,True,billing
EVT-00088,SUB-00160,CUST-0151,2025-11-08T13:36:05+00:00,2025-11-08T06:44:00+01:00,2025-11-16,2025-11-12,voluntary,True,billing
EVT-00089,SUB-00160,CUST-0151,2025-11-08T13:34:19+00:00,2025-11-08T06:44:00+01:00,2025-11-16,2025-11-12,voluntary,True,billing
EVT-00090,SUB-00160,CUST-0151,2025-11-08T13:34:05+00:00,2025-11-08T06:44:00+01:00,2025-11-16,2025-11-12,voluntary,True,billing
EVT-00091,SUB-00160,CUST-0151,2025-11-08T13:33:06+00:00,2025-11-08T06:44:00+01:00,2025-11-16,2025-11-12,voluntary,True,billing
EVT-00092,SUB-00160,CUST-0151,2025-11-08T13:33:09+00:00,2025-11-08T06:44:00+01:00,2025-11-16,2025-11-12,voluntary,True,billing
EVT-00093,SUB-00160,CUST-0151,2025-11-08T13:37:10+00:00,2025-11-08T06:44:00+01:00,2025-11-16,2025-11-12,voluntary,True,billing
EVT-00094,SUB-00160,CUST-0151,2025-11-08T13:34:10+00:00,2025-11-08T06:44:00+01:00,,2025-11-12,voluntary,True,billing
EVT-00095,SUB-00160,CUST-0151,2025-11-08T13:34:11+00:00,2025-11-08T06:44:00+01:00,,2025-11-12,voluntary,True,billing
EVT-00096,SUB-00160,CUST-0151,2025-11-08T13:36:54+00:00,2025-11-08T06:44:00+01:00,2025-11-16,2025-11-12,voluntary,True,billing
EVT-00097,SUB-00160,CUST-0151,2025-11-08T13:34:33+00:00,2025-11-08T06:44:00+01:00,2025-11-16,2025-11-12,voluntary,True,billing
EVT-00098,SUB-00160,CUST-0151,2025-11-08T13:37:21+00:00,2025-11-08T06:44:00+01:00,2025-11-16,2025-11-12,voluntary,True,billing
EVT-00099,SUB-00160,CUST-0151,2025-11-08T13:37:43+00:00,2025-11-08T06:44:00+01:00,2025-11-16,2025-11-12,voluntary,True,billing
EVT-00100,SUB-00160,CUST-0151,2025-11-08T13:36:17+00:00,2025-11-08T06:44:00+01:00,2025-11-16,2025-11-12,voluntary,True,billing
EVT-00101,SUB-00160,CUST-0151,2025-11-08T13:34:56+00:00,2025-11-08T06:44:00+01:00,2025-11-16,2025-11-12,voluntary,True,billing
EVT-00102,SUB-00160,CUST-0151,2025-11-08T13:36:38+00:00,2025-11-08T06:44:00+01:00,2025-11-16,2025-11-12,voluntary,True,billing
EVT-00103,SUB-00160,CUST-0151,2025-11-08T13:37:56+00:00,2025-11-08T06:44:00+01:00,2025-11-16,2025-11-12,voluntary,True,billing
EVT-00104,SUB-00160,CUST-0151,2025-11-08T13:35:02+00:00,2025-11-08T06:44:00+01:00,2025-11-16,2025-11-12,voluntary,True,billing
EVT-00105,SUB-00160,CUST-0151,2025-11-08T13:36:31+00:00,2025-11-08T06:44:00+01:00,2025-11-16,2025-11-12,voluntary,True,billing
EVT-00106,SUB-00160,CUST-0151,2025-11-08T13:33:18+00:00,2025-11-08T06:44:00+01:00,2025-11-16,2025-11-12,voluntary,True,billing
EVT-00107,SUB-00160,CUST-0151,2025-11-08T13:37:51+00:00,2025-11-08T06:44:00+01:00,2025-11-16,2025-11-12,voluntary,True,billing
EVT-00108,SUB-00160,CUST-0151,2025-11-08T13:36:09+00:00,2025-11-08T06:44:00+01:00,2025-11-16,2025-11-12,voluntary,True,billing
EVT-00109,SUB-00160,CUST-0151,2025-11-08T13:37:58+00:00,2025-11-08T06:44:00+01:00,2025-11-16,2025-11-12,voluntary,True,billing
EVT-00110,SUB-00160,CUST-0151,2025-11-08T13:33:41+00:00,2025-11-08T06:44:00+01:00,2025-11-16,2025-11-12,voluntary,True,billing
EVT-00111,SUB-00160,CUST-0151,2025-11-08T13:37:30+00:00,2025-11-08T06:44:00+01:00,2025-11-16,2025-11-12,voluntary,True,billing
EVT-00112,SUB-00160,CUST-0151,2025-11-08T13:36:59+00:00,2025-11-08T06:44:00+01:00,2025-11-16,2025-11-12,voluntary,True,billing
EVT-00113,SUB-00160,CUST-0151,2025-11-08T13:37:28+00:00,2025-11-08T06:44:00+01:00,2025-11-16,2025-11-12,voluntary,True,billing
EVT-00114,SUB-00160,CUST-0151,2025-11-08T13:35:06+00:00,2025-11-08T06:44:00+01:00,2025-11-16,2025-11-12,voluntary,True,billing
EVT-00115,SUB-00160,CUST-0151,2025-11-08T13:33:40+00:00,2025-11-08T06:44:00+01:00,2025-11-16,2025-11-12,voluntary,True,billing
EVT-00116,SUB-00160,CUST-0151,2025-11-08T13:33:28+00:00,2025-11-08T06:44:00+01:00,2025-11-16,2025-11-12,voluntary,True,billing
EVT-00117,SUB-00160,CUST-0151,2025-11-08T13:37:34+00:00,2025-11-08T06:44:00+01:00,2025-11-16,2025-11-12,voluntary,True,billing
EVT-00118,SUB-00160,CUST-0151,2025-11-08T13:37:01+00:00,2025-11-08T06:44:00+01:00,2025-11-16,2025-11-12,voluntary,True,billing
EVT-00119,SUB-00160,CUST-0151,2025-11-08T13:37:23+00:00,2025-11-08T06:44:00+01:00,2025-11-16,2025-11-12,voluntary,True,billing
EVT-00120,SUB-00160,CUST-0151,2025-11-08T13:37:54+00:00,2025-11-08T06:44:00+01:00,2025-11-16,2025-11-12,voluntary,True,billing
EVT-00121,SUB-00160,CUST-0151,2025-11-08T13:36:36+00:00,2025-11-08T06:44:00+01:00,2025-11-16,2025-11-12,voluntary,True,billing
EVT-00122,SUB-00160,CUST-0151,2025-11-08T13:35:31+00:00,2025-11-08T06:44:00+01:00,2025-11-16,2025-11-12,voluntary,True,billing
EVT-00123,SUB-00160,CUST-0151,2025-11-08T13:34:26+00:00,2025-11-08T06:44:00+01:00,2025-11-16,2025-11-12,voluntary,True,billing
EVT-00124,SUB-00160,CUST-0151,2025-11-08T13:35:36+00:00,2025-11-08T06:44:00+01:00,2025-11-16,2025-11-12,voluntary,True,billing
EVT-00125,SUB-00160,CUST-0151,2025-11-08T13:33:32+00:00,2025-11-08T06:44:00+01:00,2025-11-16,2025-11-12,voluntary,True,billing
EVT-00126,SUB-00160,CUST-0151,2025-11-08T13:37:57+00:00,2025-11-08T06:44:00+01:00,2025-11-16,2025-11-12,voluntary,True,billing
EVT-00127,SUB-00160,CUST-0151,2025-11-08T13:37:54+00:00,2025-11-08T06:44:00+01:00,,2025-11-12,voluntary,True,billing
EVT-00128,SUB-00160,CUST-0151,2025-11-08T13:35:30+00:00,2025-11-08T06:44:00+01:00,2025-11-16,2025-11-12,voluntary,True,billing
EVT-00129,SUB-00160,CUST-0151,2025-11-08T13:35:27+00:00,2025-11-08T06:44:00+01:00,2025-11-16,2025-11-12,voluntary,True,billing
EVT-00130,SUB-00160,CUST-0151,2025-11-08T13:33:43+00:00,2025-11-08T06:44:00+01:00,2025-11-16,2025-11-12,voluntary,True,billing
EVT-00131,SUB-00160,CUST-0151,2025-11-08T13:37:19+00:00,2025-11-08T06:44:00+01:00,2025-11-16,2025-11-12,voluntary,True,billing
EVT-00132,SUB-00160,CUST-0151,2025-11-08T13:35:23+00:00,2025-11-08T06:44:00+01:00,2025-11-16,2025-11-12,voluntary,True,billing
EVT-00133,SUB-00160,CUST-0151,2025-11-08T13:34:08+00:00,2025-11-08T06:44:00+01:00,2025-11-16,2025-11-12,voluntary,True,billing
EVT-00134,SUB-00160,CUST-0151,2025-11-08T13:35:21+00:00,2025-11-08T06:44:00+01:00,2025-11-16,2025-11-12,voluntary,True,billing
EVT-00135,SUB-00160,CUST-0151,2025-11-08T13:33:08+00:00,2025-11-08T06:44:00+01:00,2025-11-16,2025-11-12,voluntary,True,billing
EVT-00136,SUB-00160,CUST-0151,2025-11-08T13:34:30+00:00,2025-11-08T06:44:00+01:00,2025-11-16,2025-11-12,voluntary,True,billing
EVT-00137,SUB-00160,CUST-0151,2025-11-08T13:36:49+00:00,2025-11-08T06:44:00+01:00,2025-11-16,2025-11-12,voluntary,True,billing
EVT-00138,SUB-00160,CUST-0151,2025-11-08T13:34:30+00:00,2025-11-08T06:44:00+01:00,2025-11-16,2025-11-12,voluntary,True,billing
EVT-00139,SUB-00160,CUST-0151,2025-11-08T13:35:01+00:00,2025-11-08T06:44:00+01:00,2025-11-16,2025-11-12,voluntary,True,billing
EVT-00140,SUB-00160,CUST-0151,2025-11-08T13:34:33+00:00,2025-11-08T06:44:00+01:00,2025-11-16,2025-11-12,voluntary,True,billing
EVT-00141,SUB-00160,CUST-0151,2025-11-08T13:35:56+00:00,2025-11-08T06:44:00+01:00,2025-11-16,2025-11-12,voluntary,True,billing
EVT-00142,SUB-00160,CUST-0151,2025-11-08T13:34:15+00:00,2025-11-08T06:44:00+01:00,2025-11-16,2025-11-12,voluntary,True,billing
EVT-00143,SUB-00160,CUST-0151,2025-11-08T13:37:14+00:00,2025-11-08T06:44:00+01:00,2025-11-16,2025-11-12,voluntary,True,billing
EVT-00144,SUB-00160,CUST-0151,2025-11-08T13:36:17+00:00,2025-11-08T06:44:00+01:00,2025-11-16,2025-11-12,voluntary,True,billing
EVT-00145,SUB-00160,CUST-0151,2025-11-08T13:36:46+00:00,2025-11-08T06:44:00+01:00,2025-11-16,2025-11-12,voluntary,True,billing
EVT-00146,SUB-00160,CUST-0151,2025-11-08T13:34:48+00:00,2025-11-08T06:44:00+01:00,2025-11-16,2025-11-12,voluntary,True,billing
EVT-00147,SUB-00160,CUST-0151,2025-11-08T13:33:28+00:00,2025-11-08T06:44:00+01:00,2025-11-16,2025-11-12,voluntary,True,billing
EVT-00148,SUB-00160,CUST-0151,2025-11-08T13:34:00+00:00,2025-11-08T06:44:00+01:00,2025-11-16,2025-11-12,voluntary,True,billing
EVT-00149,SUB-00160,CUST-0151,2025-11-08T13:34:26+00:00,2025-11-08T06:44:00+01:00,2025-11-16,2025-11-12,voluntary,True,billing
EVT-00150,SUB-00160,CUST-0151,2025-11-08T13:36:25+00:00,2025-11-08T06:44:00+01:00,2025-11-16,2025-11-12,voluntary,True,billing
EVT-00151,SUB-00160,CUST-0151,2025-11-08T13:35:35+00:00,2025-11-08T06:44:00+01:00,2025-11-16,2025-11-12,voluntary,True,billing
EVT-00152,SUB-00160,CUST-0151,2025-11-08T13:37:33+00:00,2025-11-08T06:44:00+01:00,2025-11-16,2025-11-12,voluntary,True,billing
EVT-00153,SUB-00160,CUST-0151,2025-11-08T13:36:15+00:00,2025-11-08T06:44:00+01:00,2025-11-16,2025-11-12,voluntary,True,billing
EVT-00154,SUB-00160,CUST-0151,2025-11-08T13:37:03+00:00,2025-11-08T06:44:00+01:00,2025-11-16,2025-11-12,voluntary,True,billing
EVT-00155,SUB-00160,CUST-0151,2025-11-08T13:34:15+00:00,2025-11-08T06:44:00+01:00,2025-11-16,2025-11-12,voluntary,True,billing
EVT-00156,SUB-00160,CUST-0151,2025-11-08T13:33:07+00:00,2025-11-08T06:44:00+01:00,2025-11-16,2025-11-12,voluntary,True,billing
EVT-00157,SUB-00160,CUST-0151,2025-11-08T13:36:50+00:00,2025-11-08T06:44:00+01:00,2025-11-16,2025-11-12,voluntary,True,billing
EVT-00158,SUB-00160,CUST-0151,2025-11-08T13:35:42+00:00,2025-11-08T06:44:00+01:00,2025-11-16,2025-11-12,voluntary,True,billing
EVT-00159,SUB-00160,CUST-0151,2025-11-08T13:33:50+00:00,2025-11-08T06:44:00+01:00,2025-11-16,2025-11-12,voluntary,True,billing
EVT-00160,SUB-00160,CUST-0151,2025-11-08T13:36:42+00:00,2025-11-08T06:44:00+01:00,2025-11-16,2025-11-12,voluntary,True,billing
EVT-00161,SUB-00160,CUST-0151,2025-11-08T13:35:52+00:00,2025-11-08T06:44:00+01:00,2025-11-16,2025-11-12,voluntary,True,billing
EVT-00162,SUB-00160,CUST-0151,2025-11-08T13:35:17+00:00,2025-11-08T06:44:00+01:00,2025-11-16,2025-11-12,voluntary,True,billing
EVT-00163,SUB-00160,CUST-0151,2025-11-08T13:35:11+00:00,2025-11-08T06:44:00+01:00,2025-11-16,2025-11-12,voluntary,True,billing
EVT-00164,SUB-00160,CUST-0151,2025-11-08T13:36:57+00:00,2025-11-08T06:44:00+01:00,2025-11-16,2025-11-12,voluntary,True,billing
EVT-00165,SUB-00160,CUST-0151,2025-11-08T13:34:40+00:00,2025-11-08T06:44:00+01:00,2025-11-16,2025-11-12,voluntary,True,billing
EVT-00166,SUB-00160,CUST-0151,2025-11-08T13:34:33+00:00,2025-11-08T06:44:00+01:00,2025-11-16,2025-11-12,voluntary,True,billing
EVT-00167,SUB-00160,CUST-0151,2025-11-08T13:37:41+00:00,2025-11-08T06:44:00+01:00,2025-11-16,2025-11-12,voluntary,True,billing
EVT-00168,SUB-00160,CUST-0151,2025-11-08T13:33:05+00:00,2025-11-08T06:44:00+01:00,2025-11-16,2025-11-12,voluntary,True,billing
EVT-00169,SUB-00160,CUST-0151,2025-11-08T13:33:07+00:00,2025-11-08T06:44:00+01:00,2025-11-16,2025-11-12,voluntary,True,billing
EVT-00170,SUB-00160,CUST-0151,2025-11-08T13:33:51+00:00,2025-11-08T06:44:00+01:00,2025-11-16,2025-11-12,voluntary,True,billing
EVT-00171,SUB-00160,CUST-0151,2025-11-08T13:36:49+00:00,2025-11-08T06:44:00+01:00,2025-11-16,2025-11-12,voluntary,True,billing
EVT-00172,SUB-00160,CUST-0151,2025-11-08T13:34:53+00:00,2025-11-08T06:44:00+01:00,2025-11-16,2025-11-12,voluntary,True,billing
EVT-00173,SUB-00160,CUST-0151,2025-11-08T13:35:09+00:00,2025-11-08T06:44:00+01:00,2025-11-16,2025-11-12,voluntary,True,billing
EVT-00174,SUB-00160,CUST-0151,2025-11-08T13:33:18+00:00,2025-11-08T06:44:00+01:00,2025-11-16,2025-11-12,voluntary,True,billing
EVT-00175,SUB-00160,CUST-0151,2025-11-08T13:33:48+00:00,2025-11-08T06:44:00+01:00,2025-11-16,2025-11-12,voluntary,True,billing
EVT-00176,SUB-00160,CUST-0151,2025-11-08T13:34:52+00:00,2025-11-08T06:44:00+01:00,2025-11-16,2025-11-12,voluntary,True,billing
EVT-00177,SUB-00160,CUST-0151,2025-11-08T13:34:02+00:00,2025-11-08T06:44:00+01:00,2025-11-16,2025-11-12,voluntary,True,billing
EVT-00178,SUB-00160,CUST-0151,2025-11-08T13:34:07+00:00,2025-11-08T06:44:00+01:00,2025-11-16,2025-11-12,voluntary,True,billing
EVT-00179,SUB-00160,CUST-0151,2025-11-08T13:37:50+00:00,2025-11-08T06:44:00+01:00,2025-11-16,2025-11-12,voluntary,True,billing
EVT-00180,SUB-00160,CUST-0151,2025-11-08T13:33:57+00:00,2025-11-08T06:44:00+01:00,2025-11-16,2025-11-12,voluntary,True,billing
EVT-00181,SUB-00160,CUST-0151,2025-11-08T13:35:10+00:00,2025-11-08T06:44:00+01:00,2025-11-16,2025-11-12,voluntary,True,billing
EVT-00182,SUB-00160,CUST-0151,2025-11-08T13:37:00+00:00,2025-11-08T06:44:00+01:00,2025-11-16,2025-11-12,voluntary,True,billing
EVT-00183,SUB-00160,CUST-0151,2025-11-08T13:36:53+00:00,2025-11-08T06:44:00+01:00,2025-11-16,2025-11-12,voluntary,True,billing
EVT-00184,SUB-00160,CUST-0151,2025-11-08T13:36:39+00:00,2025-11-08T06:44:00+01:00,2025-11-16,2025-11-12,voluntary,True,billing
EVT-00185,SUB-00160,CUST-0151,2025-11-08T13:35:12+00:00,2025-11-08T06:44:00+01:00,2025-11-16,2025-11-12,voluntary,True,billing
EVT-00186,SUB-00160,CUST-0151,2025-11-08T13:33:38+00:00,2025-11-08T06:44:00+01:00,2025-11-16,2025-11-12,voluntary,True,billing
EVT-00187,SUB-00160,CUST-0151,2025-11-08T13:33:32+00:00,2025-11-08T06:44:00+01:00,2025-11-16,2025-11-12,voluntary,True,billing
EVT-00188,SUB-00160,CUST-0151,2025-11-08T13:36:19+00:00,2025-11-08T06:44:00+01:00,2025-11-16,2025-11-12,voluntary,True,billing
EVT-00189,SUB-00160,CUST-0151,2025-11-08T13:33:31+00:00,2025-11-08T06:44:00+01:00,2025-11-16,2025-11-12,voluntary,True,billing
EVT-00190,SUB-00160,CUST-0151,2025-11-08T13:35:16+00:00,2025-11-08T06:44:00+01:00,2025-11-16,2025-11-12,voluntary,True,billing
EVT-00191,SUB-00160,CUST-0151,2025-11-08T13:36:46+00:00,2025-11-08T06:44:00+01:00,2025-11-16,2025-11-12,voluntary,True,billing
EVT-00192,SUB-00160,CUST-0151,2025-11-08T13:37:12+00:00,2025-11-08T06:44:00+01:00,2025-11-16,2025-11-12,voluntary,True,billing
EVT-00193,SUB-00160,CUST-0151,2025-11-08T13:36:22+00:00,2025-11-08T06:44:00+01:00,2025-11-16,2025-11-12,voluntary,True,billing
EVT-00194,SUB-00160,CUST-0151,2025-11-08T13:37:12+00:00,2025-11-08T06:44:00+01:00,2025-11-16,2025-11-12,voluntary,True,billing
EVT-00195,SUB-00160,CUST-0151,2025-11-08T13:34:14+00:00,2025-11-08T06:44:00+01:00,2025-11-16,2025-11-12,voluntary,True,billing
EVT-00196,SUB-00160,CUST-0151,2025-11-08T13:34:52+00:00,2025-11-08T06:44:00+01:00,2025-11-16,2025-11-12,voluntary,True,billing
EVT-00197,SUB-00160,CUST-0151,2025-11-08T13:36:47+00:00,2025-11-08T06:44:00+01:00,2025-11-16,2025-11-12,voluntary,True,billing
EVT-00198,SUB-00160,CUST-0151,2025-11-08T13:33:53+00:00,2025-11-08T06:44:00+01:00,2025-11-16,2025-11-12,voluntary,True,billing
EVT-00199,SUB-00160,CUST-0151,2025-11-08T13:33:38+00:00,2025-11-08T06:44:00+01:00,,2025-11-12,voluntary,True,billing
EVT-00200,SUB-00160,CUST-0151,2025-11-08T13:37:53+00:00,2025-11-08T06:44:00+01:00,2025-11-16,2025-11-12,voluntary,True,billing
EVT-00201,SUB-00160,CUST-0151,2025-11-08T13:36:49+00:00,2025-11-08T06:44:00+01:00,2025-11-16,2025-11-12,voluntary,True,billing
EVT-00202,SUB-00160,CUST-0151,2025-11-08T13:37:15+00:00,2025-11-08T06:44:00+01:00,2025-11-16,2025-11-12,voluntary,True,billing
EVT-00203,SUB-00160,CUST-0151,2025-11-08T13:33:01+00:00,2025-11-08T06:44:00+01:00,2025-11-16,2025-11-12,voluntary,True,billing
EVT-00204,SUB-00160,CUST-0151,2025-11-08T13:36:20+00:00,2025-11-08T06:44:00+01:00,2025-11-16,2025-11-12,voluntary,True,billing
EVT-00205,SUB-00160,CUST-0151,2025-11-08T13:34:18+00:00,2025-11-08T06:44:00+01:00,2025-11-16,2025-11-12,voluntary,True,billing
EVT-00206,SUB-00160,CUST-0151,2025-11-08T13:36:21+00:00,2025-11-08T06:44:00+01:00,2025-11-16,2025-11-12,voluntary,True,billing
EVT-00207,SUB-00160,CUST-0151,2025-11-08T13:37:24+00:00,2025-11-08T06:44:00+01:00,2025-11-16,2025-11-12,voluntary,True,billing
EVT-00208,SUB-00160,CUST-0151,2025-11-08T13:37:05+00:00,2025-11-08T06:44:00+01:00,2025-11-16,2025-11-12,voluntary,True,billing
EVT-00209,SUB-00160,CUST-0151,2025-11-08T13:36:27+00:00,2025-11-08T06:44:00+01:00,,2025-11-12,voluntary,True,billing
EVT-00210,SUB-00160,CUST-0151,2025-11-08T13:37:37+00:00,2025-11-08T06:44:00+01:00,2025-11-16,2025-11-12,voluntary,True,billing
EVT-00211,SUB-00160,CUST-0151,2025-11-08T13:33:02+00:00,2025-11-08T06:44:00+01:00,2025-11-16,2025-11-12,voluntary,True,billing
EVT-00212,SUB-00160,CUST-0151,2025-11-08T13:37:07+00:00,2025-11-08T06:44:00+01:00,2025-11-16,2025-11-12,voluntary,True,billing
EVT-00213,SUB-00160,CUST-0151,2025-11-08T13:37:51+00:00,2025-11-08T06:44:00+01:00,2025-11-16,2025-11-12,voluntary,True,billing
EVT-00214,SUB-00160,CUST-0151,2025-11-08T13:35:51+00:00,2025-11-08T06:44:00+01:00,2025-11-16,2025-11-12,voluntary,True,billing
EVT-00215,SUB-00160,CUST-0151,2025-11-08T13:36:26+00:00,2025-11-08T06:44:00+01:00,2025-11-16,2025-11-12,voluntary,True,billing
EVT-00216,SUB-00160,CUST-0151,2025-11-08T13:33:47+00:00,2025-11-08T06:44:00+01:00,2025-11-16,2025-11-12,voluntary,True,billing
EVT-00217,SUB-00160,CUST-0151,2025-11-08T13:37:34+00:00,2025-11-08T06:44:00+01:00,2025-11-16,2025-11-12,voluntary,True,billing
EVT-00218,SUB-00160,CUST-0151,2025-11-08T13:33:42+00:00,2025-11-08T06:44:00+01:00,2025-11-16,2025-11-12,voluntary,True,billing
EVT-00219,SUB-00160,CUST-0151,2025-11-08T13:35:29+00:00,2025-11-08T06:44:00+01:00,2025-11-16,2025-11-12,voluntary,True,billing
EVT-00220,SUB-00160,CUST-0151,2025-11-08T13:34:31+00:00,2025-11-08T06:44:00+01:00,2025-11-16,2025-11-12,voluntary,True,billing
EVT-00221,SUB-00160,CUST-0151,2025-11-08T13:36:17+00:00,2025-11-08T06:44:00+01:00,2025-11-16,2025-11-12,voluntary,True,billing
EVT-00222,SUB-00160,CUST-0151,2025-11-08T13:35:34+00:00,2025-11-08T06:44:00+01:00,2025-11-16,2025-11-12,voluntary,True,billing
EVT-00223,SUB-00160,CUST-0151,2025-11-08T13:33:55+00:00,2025-11-08T06:44:00+01:00,,2025-11-12,voluntary,True,billing
EVT-00224,SUB-00160,CUST-0151,2025-11-08T13:37:10+00:00,2025-11-08T06:44:00+01:00,2025-11-16,2025-11-12,voluntary,True,billing
EVT-00225,SUB-00160,CUST-0151,2025-11-08T13:36:45+00:00,2025-11-08T06:44:00+01:00,2025-11-16,2025-11-12,voluntary,True,billing
EVT-00226,SUB-00160,CUST-0151,2025-11-08T13:34:12+00:00,2025-11-08T06:44:00+01:00,2025-11-16,2025-11-12,voluntary,True,billing
EVT-00227,SUB-00160,CUST-0151,2025-11-08T13:34:39+00:00,2025-11-08T06:44:00+01:00,2025-11-16,2025-11-12,voluntary,True,billing
EVT-00228,SUB-00160,CUST-0151,2025-11-08T13:35:03+00:00,2025-11-08T06:44:00+01:00,2025-11-16,2025-11-12,voluntary,True,billing
EVT-00229,SUB-00160,CUST-0151,2025-11-08T13:36:20+00:00,2025-11-08T06:44:00+01:00,2025-11-16,2025-11-12,voluntary,True,billing
EVT-00230,SUB-00160,CUST-0151,2025-11-08T13:37:37+00:00,2025-11-08T06:44:00+01:00,2025-11-16,2025-11-12,voluntary,True,billing
EVT-00231,SUB-00160,CUST-0151,2025-11-08T13:37:16+00:00,2025-11-08T06:44:00+01:00,2025-11-16,2025-11-12,voluntary,True,billing
EVT-00232,SUB-00160,CUST-0151,2025-11-08T13:33:09+00:00,2025-11-08T06:44:00+01:00,2025-11-16,2025-11-12,voluntary,True,billing
EVT-00233,SUB-00160,CUST-0151,2025-11-08T13:35:54+00:00,2025-11-08T06:44:00+01:00,2025-11-16,2025-11-12,voluntary,True,billing
EVT-00234,SUB-00160,CUST-0151,2025-11-08T13:35:53+00:00,2025-11-08T06:44:00+01:00,2025-11-16,2025-11-12,voluntary,True,billing
EVT-00235,SUB-00160,CUST-0151,2025-11-08T13:36:28+00:00,2025-11-08T06:44:00+01:00,2025-11-16,2025-11-12,voluntary,True,billing
EVT-00236,SUB-00160,CUST-0151,2025-11-08T13:34:49+00:00,2025-11-08T06:44:00+01:00,2025-11-16,2025-11-12,voluntary,True,billing
EVT-00237,SUB-00160,CUST-0151,2025-11-08T13:37:35+00:00,2025-11-08T06:44:00+01:00,2025-11-16,2025-11-12,voluntary,True,billing
EVT-00238,SUB-00160,CUST-0151,2025-11-08T13:37:57+00:00,2025-11-08T06:44:00+01:00,2025-11-16,2025-11-12,voluntary,True,billing
EVT-00239,SUB-00160,CUST-0151,2025-11-08T13:33:37+00:00,2025-11-08T06:44:00+01:00,2025-11-16,2025-11-12,voluntary,True,billing
EVT-00240,SUB-00160,CUST-0151,2025-11-08T13:34:13+00:00,2025-11-08T06:44:00+01:00,2025-11-16,2025-11-12,voluntary,True,billing
EVT-00241,SUB-00160,CUST-0151,2025-11-08T13:33:10+00:00,2025-11-08T06:44:00+01:00,2025-11-16,2025-11-12,voluntary,True,billing
EVT-00242,SUB-00160,CUST-0151,2025-11-08T13:33:24+00:00,2025-11-08T06:44:00+01:00,2025-11-16,2025-11-12,voluntary,True,billing
EVT-00243,SUB-00160,CUST-0151,2025-11-08T13:34:07+00:00,2025-11-08T06:44:00+01:00,2025-11-16,2025-11-12,voluntary,True,billing
EVT-00244,SUB-00160,CUST-0151,2025-11-08T13:34:29+00:00,2025-11-08T06:44:00+01:00,2025-11-16,2025-11-12,voluntary,True,billing
EVT-00245,SUB-00160,CUST-0151,2025-11-08T13:35:38+00:00,2025-11-08T06:44:00+01:00,2025-11-16,2025-11-12,voluntary,True,billing
EVT-00246,SUB-00160,CUST-0151,2025-11-08T13:36:54+00:00,2025-11-08T06:44:00+01:00,2025-11-16,2025-11-12,voluntary,True,billing
EVT-00247,SUB-00160,CUST-0151,2025-11-08T13:33:33+00:00,2025-11-08T06:44:00+01:00,2025-11-16,2025-11-12,voluntary,True,billing
EVT-00248,SUB-00160,CUST-0151,2025-11-08T13:33:59+00:00,2025-11-08T06:44:00+01:00,2025-11-16,2025-11-12,voluntary,True,billing
EVT-00249,SUB-00160,CUST-0151,2025-11-08T13:34:53+00:00,2025-11-08T06:44:00+01:00,2025-11-16,2025-11-12,voluntary,True,billing
EVT-00250,SUB-00160,CUST-0151,2025-11-08T13:34:44+00:00,2025-11-08T06:44:00+01:00,2025-11-16,2025-11-12,voluntary,True,billing
EVT-00251,SUB-00160,CUST-0151,2025-11-08T13:35:53+00:00,2025-11-08T06:44:00+01:00,2025-11-16,2025-11-12,voluntary,True,billing
EVT-00252,SUB-00160,CUST-0151,2025-11-08T13:35:47+00:00,2025-11-08T06:44:00+01:00,2025-11-16,2025-11-12,voluntary,True,billing
EVT-00253,SUB-00160,CUST-0151,2025-11-08T13:37:55+00:00,2025-11-08T06:44:00+01:00,2025-11-16,2025-11-12,voluntary,True,billing
EVT-00254,SUB-00160,CUST-0151,2025-11-08T13:35:45+00:00,2025-11-08T06:44:00+01:00,2025-11-16,2025-11-12,voluntary,True,billing
EVT-00255,SUB-00160,CUST-0151,2025-11-08T13:33:24+00:00,2025-11-08T06:44:00+01:00,2025-11-16,2025-11-12,voluntary,True,billing
EVT-00256,SUB-00160,CUST-0151,2025-11-08T13:35:52+00:00,2025-11-08T06:44:00+01:00,2025-11-16,2025-11-12,voluntary,True,billing
EVT-00257,SUB-00160,CUST-0151,2025-11-08T13:34:02+00:00,2025-11-08T06:44:00+01:00,2025-11-16,2025-11-12,voluntary,True,billing
EVT-00258,SUB-00160,CUST-0151,2025-11-08T13:34:13+00:00,2025-11-08T06:44:00+01:00,2025-11-16,2025-11-12,voluntary,True,billing
EVT-00259,SUB-00160,CUST-0151,2025-11-08T13:34:27+00:00,2025-11-08T06:44:00+01:00,2025-11-16,2025-11-12,voluntary,True,billing
EVT-00260,SUB-00160,CUST-0151,2025-11-08T13:37:44+00:00,2025-11-08T06:44:00+01:00,2025-11-16,2025-11-12,voluntary,True,billing
EVT-00261,SUB-00160,CUST-0151,2025-11-08T13:36:45+00:00,2025-11-08T06:44:00+01:00,2025-11-16,2025-11-12,voluntary,True,billing
EVT-00262,SUB-00160,CUST-0151,2025-11-08T13:37:58+00:00,2025-11-08T06:44:00+01:00,2025-11-16,2025-11-12,voluntary,True,billing
EVT-00263,SUB-00160,CUST-0151,2025-11-08T13:34:09+00:00,2025-11-08T06:44:00+01:00,2025-11-16,2025-11-12,voluntary,True,billing
EVT-00264,SUB-00160,CUST-0151,2025-11-08T13:36:13+00:00,2025-11-08T06:44:00+01:00,2025-11-16,2025-11-12,voluntary,True,billing
EVT-00265,SUB-00160,CUST-0151,2025-11-08T13:33:09+00:00,2025-11-08T06:44:00+01:00,2025-11-16,2025-11-12,voluntary,True,billing
EVT-00266,SUB-00160,CUST-0151,2025-11-08T13:33:42+00:00,2025-11-08T06:44:00+01:00,2025-11-16,2025-11-12,voluntary,True,billing
EVT-00267,SUB-00160,CUST-0151,2025-11-08T13:33:04+00:00,2025-11-08T06:44:00+01:00,2025-11-16,2025-11-12,voluntary,True,billing
EVT-00268,SUB-00160,CUST-0151,2025-11-08T13:33:46+00:00,2025-11-08T06:44:00+01:00,2025-11-16,2025-11-12,voluntary,True,billing
EVT-00269,SUB-00160,CUST-0151,2025-11-08T13:36:34+00:00,2025-11-08T06:44:00+01:00,2025-11-16,2025-11-12,voluntary,True,billing
EVT-00270,SUB-00160,CUST-0151,2025-11-08T13:34:05+00:00,2025-11-08T06:44:00+01:00,2025-11-16,2025-11-12,voluntary,True,billing
EVT-00271,SUB-00160,CUST-0151,2025-11-08T13:34:14+00:00,2025-11-08T06:44:00+01:00,2025-11-16,2025-11-12,voluntary,True,billing
EVT-00272,SUB-00160,CUST-0151,2025-11-08T13:37:28+00:00,2025-11-08T06:44:00+01:00,2025-11-16,2025-11-12,voluntary,True,billing
EVT-00273,SUB-00160,CUST-0151,2025-11-08T13:36:31+00:00,2025-11-08T06:44:00+01:00,2025-11-16,2025-11-12,voluntary,True,billing
EVT-00274,SUB-00160,CUST-0151,2025-11-08T13:34:30+00:00,2025-11-08T06:44:00+01:00,2025-11-16,2025-11-12,voluntary,True,billing
EVT-00275,SUB-00160,CUST-0151,2025-11-08T13:34:33+00:00,2025-11-08T06:44:00+01:00,2025-11-16,2025-11-12,voluntary,True,billing
EVT-00276,SUB-00160,CUST-0151,2025-11-08T13:33:46+00:00,2025-11-08T06:44:00+01:00,2025-11-16,2025-11-12,voluntary,True,billing
EVT-00277,SUB-00160,CUST-0151,2025-11-08T13:35:59+00:00,2025-11-08T06:44:00+01:00,2025-11-16,2025-11-12,voluntary,True,billing
EVT-00278,SUB-00160,CUST-0151,2025-11-08T13:33:03+00:00,2025-11-08T06:44:00+01:00,2025-11-16,2025-11-12,voluntary,True,billing
EVT-00279,SUB-00160,CUST-0151,2025-11-08T13:34:39+00:00,2025-11-08T06:44:00+01:00,2025-11-16,2025-11-12,voluntary,True,billing
EVT-00280,SUB-00160,CUST-0151,2025-11-08T13:37:32+00:00,2025-11-08T06:44:00+01:00,2025-11-16,2025-11-12,voluntary,True,billing
EVT-00281,SUB-00160,CUST-0151,2025-11-08T13:36:06+00:00,2025-11-08T06:44:00+01:00,2025-11-16,2025-11-12,voluntary,True,billing
EVT-00282,SUB-00160,CUST-0151,2025-11-08T13:36:58+00:00,2025-11-08T06:44:00+01:00,2025-11-16,2025-11-12,voluntary,True,billing
EVT-00283,SUB-00160,CUST-0151,2025-11-08T13:35:22+00:00,2025-11-08T06:44:00+01:00,2025-11-16,2025-11-12,voluntary,True,billing
EVT-00284,SUB-00160,CUST-0151,2025-11-08T13:34:40+00:00,2025-11-08T06:44:00+01:00,2025-11-16,2025-11-12,voluntary,True,billing
EVT-00285,SUB-00160,CUST-0151,2025-11-08T13:34:17+00:00,2025-11-08T06:44:00+01:00,2025-11-16,2025-11-12,voluntary,True,billing
EVT-00286,SUB-00160,CUST-0151,2025-11-08T13:37:15+00:00,2025-11-08T06:44:00+01:00,2025-11-16,2025-11-12,voluntary,True,billing
EVT-00287,SUB-00160,CUST-0151,2025-11-08T13:34:22+00:00,2025-11-08T06:44:00+01:00,2025-11-16,2025-11-12,voluntary,True,billing
EVT-00288,SUB-00160,CUST-0151,2025-11-08T13:33:28+00:00,2025-11-08T06:44:00+01:00,2025-11-16,2025-11-12,voluntary,True,billing
EVT-00289,SUB-00160,CUST-0151,2025-11-08T13:35:26+00:00,2025-11-08T06:44:00+01:00,2025-11-16,2025-11-12,voluntary,True,billing
EVT-00290,SUB-00160,CUST-0151,2025-11-08T13:36:43+00:00,2025-11-08T06:44:00+01:00,2025-11-16,2025-11-12,voluntary,True,billing
EVT-00291,SUB-00160,CUST-0151,2025-11-08T13:35:52+00:00,2025-11-08T06:44:00+01:00,2025-11-16,2025-11-12,voluntary,True,billing
EVT-00292,SUB-00160,CUST-0151,2025-11-08T13:33:23+00:00,2025-11-08T06:44:00+01:00,2025-11-16,2025-11-12,voluntary,True,billing
EVT-00293,SUB-00160,CUST-0151,2025-11-08T13:33:27+00:00,2025-11-08T06:44:00+01:00,2025-11-16,2025-11-12,voluntary,True,billing
EVT-00294,SUB-00160,CUST-0151,2025-11-08T13:34:21+00:00,2025-11-08T06:44:00+01:00,2025-11-16,2025-11-12,voluntary,True,billing
EVT-00295,SUB-00160,CUST-0151,2025-11-08T13:37:09+00:00,2025-11-08T06:44:00+01:00,2025-11-16,2025-11-12,voluntary,True,billing
EVT-00296,SUB-00160,CUST-0151,2025-11-08T13:33:37+00:00,2025-11-08T06:44:00+01:00,2025-11-16,2025-11-12,voluntary,True,billing
EVT-00297,SUB-00160,CUST-0151,2025-11-08T13:36:48+00:00,2025-11-08T06:44:00+01:00,2025-11-16,2025-11-12,voluntary,True,billing
EVT-00298,SUB-00160,CUST-0151,2025-11-08T13:36:35+00:00,2025-11-08T06:44:00+01:00,2025-11-16,2025-11-12,voluntary,True,billing
EVT-00299,SUB-00160,CUST-0151,2025-11-08T13:35:47+00:00,2025-11-08T06:44:00+01:00,2025-11-16,2025-11-12,voluntary,True,billing
EVT-00300,SUB-00160,CUST-0151,2025-11-08T13:33:57+00:00,2025-11-08T06:44:00+01:00,2025-11-16,2025-11-12,voluntary,True,billing
EVT-00301,SUB-00160,CUST-0151,2025-11-08T13:34:57+00:00,2025-11-08T06:44:00+01:00,2025-11-16,2025-11-12,voluntary,True,billing
EVT-00302,SUB-00160,CUST-0151,2025-11-08T13:35:02+00:00,2025-11-08T06:44:00+01:00,2025-11-16,2025-11-12,voluntary,True,billing
EVT-00303,SUB-00160,CUST-0151,2025-11-08T13:34:43+00:00,2025-11-08T06:44:00+01:00,2025-11-16,2025-11-12,voluntary,True,billing
EVT-00304,SUB-00160,CUST-0151,2025-11-08T13:34:53+00:00,2025-11-08T06:44:00+01:00,2025-11-16,2025-11-12,voluntary,True,billing
EVT-00305,SUB-00160,CUST-0151,2025-11-08T13:37:02+00:00,2025-11-08T06:44:00+01:00,2025-11-16,2025-11-12,voluntary,True,billing
EVT-00306,SUB-00160,CUST-0151,2025-11-08T13:33:28+00:00,2025-11-08T06:44:00+01:00,2025-11-16,2025-11-12,voluntary,True,billing
EVT-00307,SUB-00160,CUST-0151,2025-11-08T13:34:15+00:00,2025-11-08T06:44:00+01:00,2025-11-16,2025-11-12,voluntary,True,billing
EVT-00308,SUB-00160,CUST-0151,2025-11-08T13:36:53+00:00,2025-11-08T06:44:00+01:00,2025-11-16,2025-11-12,voluntary,True,billing
EVT-00309,SUB-00160,CUST-0151,2025-11-08T13:36:19+00:00,2025-11-08T06:44:00+01:00,2025-11-16,2025-11-12,voluntary,True,billing
EVT-00310,SUB-00160,CUST-0151,2025-11-08T13:34:10+00:00,2025-11-08T06:44:00+01:00,2025-11-16,2025-11-12,voluntary,True,billing
EVT-00311,SUB-00160,CUST-0151,2025-11-08T13:34:40+00:00,2025-11-08T06:44:00+01:00,2025-11-16,2025-11-12,voluntary,True,billing
EVT-00312,SUB-00160,CUST-0151,2025-11-08T13:35:19+00:00,2025-11-08T06:44:00+01:00,2025-11-16,2025-11-12,voluntary,True,billing
EVT-00313,SUB-00160,CUST-0151,2025-11-08T13:35:52+00:00,2025-11-08T06:44:00+01:00,2025-11-16,2025-11-12,voluntary,True,billing
EVT-00314,SUB-00160,CUST-0151,2025-11-08T13:33:17+00:00,2025-11-08T06:44:00+01:00,2025-11-16,2025-11-12,voluntary,True,billing
EVT-00315,SUB-00160,CUST-0151,2025-11-08T13:35:24+00:00,2025-11-08T06:44:00+01:00,2025-11-16,2025-11-12,voluntary,True,billing
EVT-00316,SUB-00160,CUST-0151,2025-11-08T13:33:57+00:00,2025-11-08T06:44:00+01:00,2025-11-16,2025-11-12,voluntary,True,billing
EVT-00317,SUB-00160,CUST-0151,2025-11-08T13:36:55+00:00,2025-11-08T06:44:00+01:00,2025-11-16,2025-11-12,voluntary,True,billing
EVT-00318,SUB-00160,CUST-0151,2025-11-08T13:34:28+00:00,2025-11-08T06:44:00+01:00,2025-11-16,2025-11-12,voluntary,True,billing
EVT-00319,SUB-00160,CUST-0151,2025-11-08T13:34:53+00:00,2025-11-08T06:44:00+01:00,2025-11-16,2025-11-12,voluntary,True,billing
EVT-00320,SUB-00160,CUST-0151,2025-11-08T13:34:21+00:00,2025-11-08T06:44:00+01:00,2025-11-16,2025-11-12,voluntary,True,billing
EVT-00321,SUB-00160,CUST-0151,2025-11-08T13:37:56+00:00,2025-11-08T06:44:00+01:00,2025-11-16,2025-11-12,voluntary,True,billing
EVT-00322,SUB-00160,CUST-0151,2025-11-08T13:33:45+00:00,2025-11-08T06:44:00+01:00,2025-11-16,2025-11-12,voluntary,True,billing
EVT-00323,SUB-00160,CUST-0151,2025-11-08T13:37:28+00:00,2025-11-08T06:44:00+01:00,2025-11-16,2025-11-12,voluntary,True,billing
EVT-00324,SUB-00160,CUST-0151,2025-11-08T13:34:51+00:00,2025-11-08T06:44:00+01:00,2025-11-16,2025-11-12,voluntary,True,billing
EVT-00325,SUB-00160,CUST-0151,2025-11-08T13:36:57+00:00,2025-11-08T06:44:00+01:00,2025-11-16,2025-11-12,voluntary,True,billing
EVT-00326,SUB-00160,CUST-0151,2025-11-08T13:33:08+00:00,2025-11-08T06:44:00+01:00,2025-11-16,2025-11-12,voluntary,True,billing
EVT-00327,SUB-00160,CUST-0151,2025-11-08T13:35:07+00:00,2025-11-08T06:44:00+01:00,2025-11-16,2025-11-12,voluntary,True,billing
EVT-00328,SUB-00160,CUST-0151,2025-11-08T13:35:48+00:00,2025-11-08T06:44:00+01:00,2025-11-16,2025-11-12,voluntary,True,billing
EVT-00329,SUB-00160,CUST-0151,2025-11-08T13:37:57+00:00,2025-11-08T06:44:00+01:00,2025-11-16,2025-11-12,voluntary,True,billing
EVT-00330,SUB-00160,CUST-0151,2025-11-08T13:34:17+00:00,2025-11-08T06:44:00+01:00,2025-11-16,2025-11-12,voluntary,True,billing
EVT-00331,SUB-00160,CUST-0151,2025-11-08T13:36:34+00:00,2025-11-08T06:44:00+01:00,2025-11-16,2025-11-12,voluntary,True,billing
EVT-00332,SUB-00160,CUST-0151,2025-11-08T13:33:21+00:00,2025-11-08T06:44:00+01:00,2025-11-16,2025-11-12,voluntary,True,billing
EVT-00333,SUB-00160,CUST-0151,2025-11-08T13:37:19+00:00,2025-11-08T06:44:00+01:00,2025-11-16,2025-11-12,voluntary,True,billing
EVT-00334,SUB-00160,CUST-0151,2025-11-08T13:36:38+00:00,2025-11-08T06:44:00+01:00,2025-11-16,2025-11-12,voluntary,True,billing
EVT-00335,SUB-00160,CUST-0151,2025-11-08T13:37:06+00:00,2025-11-08T06:44:00+01:00,2025-11-16,2025-11-12,voluntary,True,billing
EVT-00336,SUB-00160,CUST-0151,2025-11-08T13:36:52+00:00,2025-11-08T06:44:00+01:00,2025-11-16,2025-11-12,voluntary,True,billing
EVT-00337,SUB-00160,CUST-0151,2025-11-08T13:35:04+00:00,2025-11-08T06:44:00+01:00,2025-11-16,2025-11-12,voluntary,True,billing
EVT-00338,SUB-00160,CUST-0151,2025-11-08T13:37:46+00:00,2025-11-08T06:44:00+01:00,2025-11-16,2025-11-12,voluntary,True,billing
EVT-00339,SUB-00160,CUST-0151,2025-11-08T13:36:29+00:00,2025-11-08T06:44:00+01:00,2025-11-16,2025-11-12,voluntary,True,billing
EVT-00340,SUB-00160,CUST-0151,2025-11-08T13:34:08+00:00,2025-11-08T06:44:00+01:00,2025-11-16,2025-11-12,voluntary,True,billing
EVT-00341,SUB-00160,CUST-0151,2025-11-08T13:35:32+00:00,2025-11-08T06:44:00+01:00,2025-11-16,2025-11-12,voluntary,True,billing
EVT-00342,SUB-00160,CUST-0151,2025-11-08T13:33:47+00:00,2025-11-08T06:44:00+01:00,2025-11-16,2025-11-12,voluntary,True,billing
EVT-00343,SUB-00160,CUST-0151,2025-11-08T13:37:06+00:00,2025-11-08T06:44:00+01:00,2025-11-16,2025-11-12,voluntary,True,billing
EVT-00344,SUB-00160,CUST-0151,2025-11-08T13:34:23+00:00,2025-11-08T06:44:00+01:00,2025-11-16,2025-11-12,voluntary,True,billing
EVT-00345,SUB-00160,CUST-0151,2025-11-08T13:37:53+00:00,2025-11-08T06:44:00+01:00,2025-11-16,2025-11-12,voluntary,True,billing
EVT-00346,SUB-00160,CUST-0151,2025-11-08T13:36:53+00:00,2025-11-08T06:44:00+01:00,2025-11-16,2025-11-12,voluntary,True,billing
EVT-00347,SUB-00160,CUST-0151,2025-11-08T13:34:11+00:00,2025-11-08T06:44:00+01:00,2025-11-16,2025-11-12,voluntary,True,billing
EVT-00348,SUB-00160,CUST-0151,2025-11-08T13:34:35+00:00,2025-11-08T06:44:00+01:00,2025-11-16,2025-11-12,voluntary,True,billing
EVT-00349,SUB-00160,CUST-0151,2025-11-08T13:36:58+00:00,2025-11-08T06:44:00+01:00,2025-11-16,2025-11-12,voluntary,True,billing
EVT-00350,SUB-00160,CUST-0151,2025-11-08T13:33:37+00:00,2025-11-08T06:44:00+01:00,2025-11-16,2025-11-12,voluntary,True,billing
EVT-00351,SUB-00160,CUST-0151,2025-11-08T13:35:51+00:00,2025-11-08T06:44:00+01:00,2025-11-16,2025-11-12,voluntary,True,billing
EVT-00352,SUB-00160,CUST-0151,2025-11-08T13:35:32+00:00,2025-11-08T06:44:00+01:00,2025-11-16,2025-11-12,voluntary,True,billing
EVT-00353,SUB-00160,CUST-0151,2025-11-08T13:35:19+00:00,2025-11-08T06:44:00+01:00,2025-11-16,2025-11-12,voluntary,True,billing
EVT-00354,SUB-00160,CUST-0151,2025-11-08T13:33:42+00:00,2025-11-08T06:44:00+01:00,2025-11-16,2025-11-12,voluntary,True,billing
EVT-00355,SUB-00160,CUST-0151,2025-11-08T13:33:29+00:00,2025-11-08T06:44:00+01:00,2025-11-16,2025-11-12,voluntary,True,billing
EVT-00356,SUB-00160,CUST-0151,2025-11-08T13:33:27+00:00,2025-11-08T06:44:00+01:00,2025-11-16,2025-11-12,voluntary,True,billing
EVT-00357,SUB-00160,CUST-0151,2025-11-08T13:36:17+00:00,2025-11-08T06:44:00+01:00,2025-11-16,2025-11-12,voluntary,True,billing
EVT-00358,SUB-00160,CUST-0151,2025-11-08T13:36:59+00:00,2025-11-08T06:44:00+01:00,2025-11-16,2025-11-12,voluntary,True,billing
EVT-00359,SUB-00160,CUST-0151,2025-11-08T13:36:08+00:00,2025-11-08T06:44:00+01:00,2025-11-16,2025-11-12,voluntary,True,billing
EVT-00360,SUB-00160,CUST-0151,2025-11-08T13:34:30+00:00,2025-11-08T06:44:00+01:00,2025-11-16,2025-11-12,voluntary,True,billing
EVT-00361,SUB-00160,CUST-0151,2025-11-08T13:37:48+00:00,2025-11-08T06:44:00+01:00,2025-11-16,2025-11-12,voluntary,True,billing
EVT-00362,SUB-00160,CUST-0151,2025-11-08T13:34:11+00:00,2025-11-08T06:44:00+01:00,2025-11-16,2025-11-12,voluntary,True,billing
EVT-00363,SUB-00160,CUST-0151,2025-11-08T13:35:03+00:00,2025-11-08T06:44:00+01:00,2025-11-16,2025-11-12,voluntary,True,billing
EVT-00364,SUB-00160,CUST-0151,2025-11-08T13:37:05+00:00,2025-11-08T06:44:00+01:00,2025-11-16,2025-11-12,voluntary,True,billing
EVT-00365,SUB-00160,CUST-0151,2025-11-08T13:34:56+00:00,2025-11-08T06:44:00+01:00,2025-11-16,2025-11-12,voluntary,True,billing
EVT-00366,SUB-00160,CUST-0151,2025-11-08T13:36:01+00:00,2025-11-08T06:44:00+01:00,2025-11-16,2025-11-12,voluntary,True,billing
EVT-00367,SUB-00160,CUST-0151,2025-11-08T13:37:18+00:00,2025-11-08T06:44:00+01:00,2025-11-16,2025-11-12,voluntary,True,billing
EVT-00368,SUB-00160,CUST-0151,2025-11-08T13:35:22+00:00,2025-11-08T06:44:00+01:00,2025-11-16,2025-11-12,voluntary,True,billing
EVT-00369,SUB-00160,CUST-0151,2025-11-08T13:33:33+00:00,2025-11-08T06:44:00+01:00,2025-11-16,2025-11-12,voluntary,True,billing
EVT-00370,SUB-00160,CUST-0151,2025-11-08T13:35:57+00:00,2025-11-08T06:44:00+01:00,2025-11-16,2025-11-12,voluntary,True,billing
EVT-00371,SUB-00160,CUST-0151,2025-11-08T13:37:09+00:00,2025-11-08T06:44:00+01:00,2025-11-16,2025-11-12,voluntary,True,billing
EVT-00372,SUB-00160,CUST-0151,2025-11-08T13:37:01+00:00,2025-11-08T06:44:00+01:00,2025-11-16,2025-11-12,voluntary,True,billing
EVT-00373,SUB-00160,CUST-0151,2025-11-08T13:36:52+00:00,2025-11-08T06:44:00+01:00,2025-11-16,2025-11-12,voluntary,True,billing
EVT-00374,SUB-00160,CUST-0151,2025-11-08T13:33:34+00:00,2025-11-08T06:44:00+01:00,,2025-11-12,voluntary,True,billing
EVT-00375,SUB-00160,CUST-0151,2025-11-08T13:36:55+00:00,2025-11-08T06:44:00+01:00,2025-11-16,2025-11-12,voluntary,True,billing
EVT-00376,SUB-00160,CUST-0151,2025-11-08T13:33:42+00:00,2025-11-08T06:44:00+01:00,2025-11-16,2025-11-12,voluntary,True,billing
EVT-00377,SUB-00160,CUST-0151,2025-11-08T13:34:32+00:00,2025-11-08T06:44:00+01:00,2025-11-16,2025-11-12,voluntary,True,billing
EVT-00378,SUB-00160,CUST-0151,2025-11-08T13:33:40+00:00,2025-11-08T06:44:00+01:00,2025-11-16,2025-11-12,voluntary,True,billing
EVT-00379,SUB-00160,CUST-0151,2025-11-08T13:34:25+00:00,2025-11-08T06:44:00+01:00,2025-11-16,2025-11-12,voluntary,True,billing
EVT-00380,SUB-00160,CUST-0151,2025-11-08T13:33:58+00:00,2025-11-08T06:44:00+01:00,2025-11-16,2025-11-12,voluntary,True,billing
EVT-00381,SUB-00160,CUST-0151,2025-11-08T13:37:15+00:00,2025-11-08T06:44:00+01:00,2025-11-16,2025-11-12,voluntary,True,billing
EVT-00382,SUB-00160,CUST-0151,2025-11-08T13:34:45+00:00,2025-11-08T06:44:00+01:00,2025-11-16,2025-11-12,voluntary,True,billing
EVT-00383,SUB-00160,CUST-0151,2025-11-08T13:35:31+00:00,2025-11-08T06:44:00+01:00,2025-11-16,2025-11-12,voluntary,True,billing
EVT-00384,SUB-00160,CUST-0151,2025-11-08T13:37:38+00:00,2025-11-08T06:44:00+01:00,,2025-11-12,voluntary,True,billing
EVT-00385,SUB-00160,CUST-0151,2025-11-08T13:37:03+00:00,2025-11-08T06:44:00+01:00,2025-11-16,2025-11-12,voluntary,True,billing
EVT-00386,SUB-00160,CUST-0151,2025-11-08T13:36:36+00:00,2025-11-08T06:44:00+01:00,2025-11-16,2025-11-12,voluntary,True,billing
EVT-00387,SUB-00160,CUST-0151,2025-11-08T13:33:11+00:00,2025-11-08T06:44:00+01:00,2025-11-16,2025-11-12,voluntary,True,billing
EVT-00388,SUB-00160,CUST-0151,2025-11-08T13:34:37+00:00,2025-11-08T06:44:00+01:00,2025-11-16,2025-11-12,voluntary,True,billing
EVT-00389,SUB-00160,CUST-0151,2025-11-08T13:33:12+00:00,2025-11-08T06:44:00+01:00,2025-11-16,2025-11-12,voluntary,True,billing
EVT-00390,SUB-00160,CUST-0151,2025-11-08T13:37:27+00:00,2025-11-08T06:44:00+01:00,2025-11-16,2025-11-12,voluntary,True,billing
EVT-00391,SUB-00160,CUST-0151,2025-11-08T13:36:31+00:00,2025-11-08T06:44:00+01:00,2025-11-16,2025-11-12,voluntary,True,billing
EVT-00392,SUB-00160,CUST-0151,2025-11-08T13:35:48+00:00,2025-11-08T06:44:00+01:00,2025-11-16,2025-11-12,voluntary,True,billing
EVT-00393,SUB-00160,CUST-0151,2025-11-08T13:37:32+00:00,2025-11-08T06:44:00+01:00,2025-11-16,2025-11-12,voluntary,True,billing
EVT-00394,SUB-00160,CUST-0151,2025-11-08T13:36:55+00:00,2025-11-08T06:44:00+01:00,2025-11-16,2025-11-12,voluntary,True,billing
EVT-00395,SUB-00160,CUST-0151,2025-11-08T13:37:51+00:00,2025-11-08T06:44:00+01:00,2025-11-16,2025-11-12,voluntary,True,billing
EVT-00396,SUB-00160,CUST-0151,2025-11-08T13:35:37+00:00,2025-11-08T06:44:00+01:00,2025-11-16,2025-11-12,voluntary,True,billing
EVT-00397,SUB-00160,CUST-0151,2025-11-08T13:35:14+00:00,2025-11-08T06:44:00+01:00,,2025-11-12,voluntary,True,billing
EVT-00398,SUB-00160,CUST-0151,2025-11-08T13:37:08+00:00,2025-11-08T06:44:00+01:00,2025-11-16,2025-11-12,voluntary,True,billing
